-- MySQL dump 10.13  Distrib 8.0.40, for Win64 (x86_64)
--
-- Host: 127.0.0.1    Database: tournament_system
-- ------------------------------------------------------
-- Server version	8.3.0
CREATE Database tournament_system;
use tournament_system;

/*!40101 SET @OLD_CHARACTER_SET_CLIENT=@@CHARACTER_SET_CLIENT */;
/*!40101 SET @OLD_CHARACTER_SET_RESULTS=@@CHARACTER_SET_RESULTS */;
/*!40101 SET @OLD_COLLATION_CONNECTION=@@COLLATION_CONNECTION */;
/*!50503 SET NAMES utf8 */;
/*!40103 SET @OLD_TIME_ZONE=@@TIME_ZONE */;
/*!40103 SET TIME_ZONE='+00:00' */;
/*!40014 SET @OLD_UNIQUE_CHECKS=@@UNIQUE_CHECKS, UNIQUE_CHECKS=0 */;
/*!40014 SET @OLD_FOREIGN_KEY_CHECKS=@@FOREIGN_KEY_CHECKS, FOREIGN_KEY_CHECKS=0 */;
/*!40101 SET @OLD_SQL_MODE=@@SQL_MODE, SQL_MODE='NO_AUTO_VALUE_ON_ZERO' */;
/*!40111 SET @OLD_SQL_NOTES=@@SQL_NOTES, SQL_NOTES=0 */;

--
-- Table structure for table `matches`
--

DROP TABLE IF EXISTS `matches`;
/*!40101 SET @saved_cs_client     = @@character_set_client */;
/*!50503 SET character_set_client = utf8mb4 */;
CREATE TABLE `matches` (
  `matchID` int NOT NULL AUTO_INCREMENT,
  `tournamentID` int DEFAULT NULL,
  `team1ID` int DEFAULT NULL,
  `team2ID` int DEFAULT NULL,
  `result` varchar(20) DEFAULT NULL,
  `matchDate` date DEFAULT NULL,
  PRIMARY KEY (`matchID`),
  KEY `tournamentID` (`tournamentID`),
  KEY `team1ID` (`team1ID`),
  KEY `team2ID` (`team2ID`),
  CONSTRAINT `matches_ibfk_1` FOREIGN KEY (`tournamentID`) REFERENCES `tournaments` (`tournamentID`),
  CONSTRAINT `matches_ibfk_2` FOREIGN KEY (`team1ID`) REFERENCES `teams` (`teamID`),
  CONSTRAINT `matches_ibfk_3` FOREIGN KEY (`team2ID`) REFERENCES `teams` (`teamID`)
) ENGINE=InnoDB AUTO_INCREMENT=205 DEFAULT CHARSET=utf8mb4 COLLATE=utf8mb4_0900_ai_ci;
/*!40101 SET character_set_client = @saved_cs_client */;

--
-- Dumping data for table `matches`
--

LOCK TABLES `matches` WRITE;
/*!40000 ALTER TABLE `matches` DISABLE KEYS */;
INSERT INTO `matches` VALUES (1,1,1,2,NULL,'2024-08-05'),(2,1,3,4,NULL,'2024-08-06'),(3,1,5,6,NULL,'2024-08-07'),(4,1,7,8,NULL,'2024-08-08'),(5,1,9,10,NULL,'2024-08-09'),(6,1,11,12,NULL,'2024-08-10'),(7,1,13,14,NULL,'2024-08-11'),(8,1,15,16,NULL,'2024-08-12'),(9,1,17,18,NULL,'2024-08-13'),(10,1,19,20,NULL,'2024-08-14'),(11,1,1,3,NULL,'2024-08-12'),(12,1,2,4,NULL,'2024-08-13'),(13,1,5,7,NULL,'2024-08-14'),(14,1,6,8,NULL,'2024-08-15'),(15,1,9,11,NULL,'2024-08-16'),(16,1,10,12,NULL,'2024-08-17'),(17,1,13,15,NULL,'2024-08-18'),(18,1,14,16,NULL,'2024-08-19'),(19,1,17,19,NULL,'2024-08-20'),(20,1,18,20,NULL,'2024-08-21'),(21,1,1,4,NULL,'2024-08-19'),(22,1,2,5,NULL,'2024-08-20'),(23,1,3,6,NULL,'2024-08-21'),(24,1,7,9,NULL,'2024-08-22'),(25,1,8,10,NULL,'2024-08-23'),(26,1,11,13,NULL,'2024-08-24'),(27,1,12,14,NULL,'2024-08-25'),(28,1,15,17,NULL,'2024-08-26'),(29,1,16,18,NULL,'2024-08-27'),(30,1,19,20,NULL,'2024-08-28'),(31,1,1,5,NULL,'2024-08-26'),(32,1,2,6,NULL,'2024-08-27'),(33,1,3,7,NULL,'2024-08-28'),(34,1,4,8,NULL,'2024-08-29'),(35,1,9,13,NULL,'2024-08-30'),(36,1,10,14,NULL,'2024-08-31'),(37,1,11,15,NULL,'2024-09-01'),(38,1,12,16,NULL,'2024-09-02'),(39,1,17,20,NULL,'2024-09-03'),(40,1,18,19,NULL,'2024-09-04'),(41,1,1,6,NULL,'2024-09-09'),(42,1,2,7,NULL,'2024-09-10'),(43,1,3,8,NULL,'2024-09-11'),(44,1,4,9,NULL,'2024-09-12'),(45,1,5,10,NULL,'2024-09-13'),(46,1,11,17,NULL,'2024-09-14'),(47,1,12,18,NULL,'2024-09-15'),(48,1,13,19,NULL,'2024-09-16'),(49,1,14,20,NULL,'2024-09-17'),(50,1,15,16,NULL,'2024-09-18'),(51,1,1,7,NULL,'2024-09-16'),(52,1,2,8,NULL,'2024-09-17'),(53,1,3,9,NULL,'2024-09-18'),(54,1,4,10,NULL,'2024-09-19'),(55,1,5,11,NULL,'2024-09-20'),(56,1,6,12,NULL,'2024-09-21'),(57,1,13,18,NULL,'2024-09-22'),(58,1,14,19,NULL,'2024-09-23'),(59,1,15,20,NULL,'2024-09-24'),(60,1,16,17,NULL,'2024-09-25'),(61,1,1,8,NULL,'2024-09-23'),(62,1,2,9,NULL,'2024-09-24'),(63,1,3,10,NULL,'2024-09-25'),(64,1,4,11,NULL,'2024-09-26'),(65,1,5,12,NULL,'2024-09-27'),(66,1,6,13,NULL,'2024-09-28'),(67,1,7,14,NULL,'2024-09-29'),(68,1,15,18,NULL,'2024-09-30'),(69,1,16,19,NULL,'2024-10-01'),(70,1,17,20,NULL,'2024-10-02'),(71,1,1,9,NULL,'2024-09-30'),(72,1,2,10,NULL,'2024-10-01'),(73,1,3,11,NULL,'2024-10-02'),(74,1,4,12,NULL,'2024-10-03'),(75,1,5,13,NULL,'2024-10-04'),(76,1,6,14,NULL,'2024-10-05'),(77,1,7,15,NULL,'2024-10-06'),(78,1,8,16,NULL,'2024-10-07'),(79,1,17,18,NULL,'2024-10-08'),(80,1,19,20,NULL,'2024-10-09'),(81,1,1,10,NULL,'2024-10-14'),(82,1,2,11,NULL,'2024-10-15'),(83,1,3,12,NULL,'2024-10-16'),(84,1,4,13,NULL,'2024-10-17'),(85,1,5,14,NULL,'2024-10-18'),(86,1,6,15,NULL,'2024-10-19'),(87,1,7,16,NULL,'2024-10-20'),(88,1,8,17,NULL,'2024-10-21'),(89,1,9,18,NULL,'2024-10-22'),(90,1,19,20,NULL,'2024-10-23'),(91,1,1,11,NULL,'2024-10-28'),(92,1,2,12,NULL,'2024-10-29'),(93,1,3,13,NULL,'2024-10-30'),(94,1,4,14,NULL,'2024-10-31'),(95,1,5,15,NULL,'2024-11-01'),(96,1,6,16,NULL,'2024-11-02'),(97,1,7,17,NULL,'2024-11-03'),(98,1,8,18,NULL,'2024-11-04'),(99,1,9,19,NULL,'2024-11-05'),(100,1,10,20,NULL,'2024-11-06'),(101,1,1,12,NULL,'2024-11-11'),(102,1,2,13,NULL,'2024-11-12'),(103,1,3,14,NULL,'2024-11-13'),(104,1,4,15,NULL,'2024-11-14'),(105,1,5,16,NULL,'2024-11-15'),(106,1,6,17,NULL,'2024-11-16'),(107,1,7,18,NULL,'2024-11-17'),(108,1,8,19,NULL,'2024-11-18'),(109,1,9,20,NULL,'2024-11-19'),(110,1,10,11,NULL,'2024-11-20'),(111,1,1,13,NULL,'2024-11-25'),(112,1,2,14,NULL,'2024-11-26'),(113,1,3,15,NULL,'2024-11-27'),(114,1,4,16,NULL,'2024-11-28'),(115,1,5,17,NULL,'2024-11-29'),(116,1,6,18,NULL,'2024-11-30'),(117,1,7,19,NULL,'2024-12-01'),(118,1,8,20,NULL,'2024-12-02'),(119,1,9,11,NULL,'2024-12-03'),(120,1,10,12,NULL,'2024-12-04'),(121,1,1,14,NULL,'2024-12-09'),(122,1,2,15,NULL,'2024-12-10'),(123,1,3,16,NULL,'2024-12-11'),(124,1,4,17,NULL,'2024-12-12'),(125,1,5,18,'1-3','2024-12-13'),(126,1,6,19,'2-0','2024-12-14'),(128,1,8,10,'1-1','2024-12-16'),(129,1,9,12,'1-2','2024-12-17'),(130,1,11,13,'2-1','2024-12-18'),(131,1,1,15,NULL,'2024-12-23'),(132,1,2,16,NULL,'2024-12-24'),(133,1,3,17,NULL,'2024-12-25'),(134,1,4,18,NULL,'2024-12-26'),(135,1,5,19,NULL,'2024-12-27'),(136,1,6,20,NULL,'2024-12-28'),(137,1,7,10,NULL,'2024-12-29'),(138,1,8,11,NULL,'2024-12-30'),(139,1,9,13,NULL,'2024-12-31'),(140,1,12,14,NULL,'2025-01-01'),(141,1,1,16,NULL,'2025-01-06'),(142,1,2,17,NULL,'2025-01-07'),(143,1,3,18,NULL,'2025-01-08'),(144,1,4,19,NULL,'2025-01-09'),(145,1,5,20,NULL,'2025-01-10'),(146,1,6,10,NULL,'2025-01-11'),(147,1,7,11,NULL,'2025-01-12'),(148,1,8,12,NULL,'2025-01-13'),(149,1,9,14,NULL,'2025-01-14'),(150,1,13,15,NULL,'2025-01-15'),(151,1,1,17,NULL,'2025-01-20'),(152,1,2,18,NULL,'2025-01-21'),(153,1,3,19,NULL,'2025-01-22'),(154,1,4,20,NULL,'2025-01-23'),(155,1,5,10,NULL,'2025-01-24'),(156,1,6,11,NULL,'2025-01-25'),(157,1,7,12,NULL,'2025-01-26'),(158,1,8,13,NULL,'2025-01-27'),(159,1,9,15,NULL,'2025-01-28'),(160,1,14,16,NULL,'2025-01-29'),(161,1,1,18,NULL,'2025-02-03'),(162,1,2,19,NULL,'2025-02-04'),(163,1,3,20,NULL,'2025-02-05'),(164,1,4,10,NULL,'2025-02-06'),(165,1,5,11,NULL,'2025-02-07'),(166,1,6,12,NULL,'2025-02-08'),(167,1,7,13,NULL,'2025-02-09'),(168,1,8,14,NULL,'2025-02-10'),(169,1,9,16,NULL,'2025-02-11'),(170,1,15,17,NULL,'2025-02-12'),(171,1,1,19,NULL,'2025-02-17'),(172,1,2,20,NULL,'2025-02-18'),(173,1,3,10,NULL,'2025-02-19'),(174,1,4,11,NULL,'2025-02-20'),(175,1,5,12,NULL,'2025-02-21'),(176,1,6,13,NULL,'2025-02-22'),(177,1,7,14,NULL,'2025-02-23'),(178,1,8,15,NULL,'2025-02-24'),(179,1,9,17,NULL,'2025-02-25'),(180,1,16,18,NULL,'2025-02-26'),(181,1,1,20,NULL,'2025-03-03'),(182,1,2,10,NULL,'2025-03-04'),(183,1,3,11,NULL,'2025-03-05'),(184,1,4,12,NULL,'2025-03-06'),(185,1,5,13,NULL,'2025-03-07'),(186,1,6,14,NULL,'2025-03-08'),(187,1,7,15,NULL,'2025-03-09'),(188,1,8,16,NULL,'2025-03-10'),(189,1,9,17,NULL,'2025-03-11'),(190,1,18,19,NULL,'2025-03-12'),(192,1,7,20,'2-0','2024-12-15');
/*!40000 ALTER TABLE `matches` ENABLE KEYS */;
UNLOCK TABLES;

--
-- Table structure for table `players`
--

DROP TABLE IF EXISTS `players`;
/*!40101 SET @saved_cs_client     = @@character_set_client */;
/*!50503 SET character_set_client = utf8mb4 */;
CREATE TABLE `players` (
  `playerID` int NOT NULL AUTO_INCREMENT,
  `name` varchar(50) NOT NULL,
  `age` int DEFAULT NULL,
  `position` varchar(30) DEFAULT NULL,
  `height` int DEFAULT NULL,
  `weight` int DEFAULT NULL,
  `performance` varchar(100) DEFAULT NULL,
  `teamID` int DEFAULT NULL,
  PRIMARY KEY (`playerID`),
  KEY `teamID` (`teamID`),
  CONSTRAINT `players_ibfk_1` FOREIGN KEY (`teamID`) REFERENCES `teams` (`teamID`)
) ENGINE=InnoDB AUTO_INCREMENT=466 DEFAULT CHARSET=utf8mb4 COLLATE=utf8mb4_0900_ai_ci;
/*!40101 SET character_set_client = @saved_cs_client */;

--
-- Dumping data for table `players`
--

LOCK TABLES `players` WRITE;
/*!40000 ALTER TABLE `players` DISABLE KEYS */;
INSERT INTO `players` VALUES (1,'Kylian Mbappe',26,'Forward',178,73,'15 goals',1),(2,'Lionel Messi',36,'Forward',170,72,NULL,1),(3,'Neymar Jr',32,'Forward',175,68,NULL,1),(4,'Marco Verratti',31,'Midfielder',165,67,NULL,1),(5,'Achraf Hakimi',25,'Defender',181,73,NULL,1),(6,'Sergio Ramos',38,'Defender',184,82,NULL,1),(7,'Marquinhos',30,'Defender',183,75,NULL,1),(8,'Gianluigi Donnarumma',25,'Goalkeeper',196,90,NULL,1),(9,'Presnel Kimpembe',29,'Defender',183,80,NULL,1),(10,'Nuno Mendes',22,'Defender',176,72,NULL,1),(11,'Danilo Pereira',32,'Midfielder',188,83,NULL,1),(12,'Carlos Soler',27,'Midfielder',180,76,NULL,1),(13,'Fabian Ruiz',28,'Midfielder',189,78,NULL,1),(14,'Vitinha',24,'Midfielder',172,70,NULL,1),(15,'Renato Sanches',26,'Midfielder',176,74,NULL,1),(16,'Mauro Icardi',31,'Forward',181,75,'PUE LA MERDE',1),(17,'Hugo Ekitike',22,'Forward',189,77,NULL,1),(18,'Juan Bernat',31,'Defender',170,67,NULL,1),(19,'Keylor Navas',38,'Goalkeeper',185,82,NULL,1),(20,'Sergio Rico',31,'Goalkeeper',195,90,NULL,1),(21,'Timo Kehrer',28,'Defender',186,77,NULL,1),(22,'Layvin Kurzawa',32,'Defender',182,79,NULL,1),(23,'Ismael Gharbi',20,'Midfielder',176,70,NULL,1),(24,'Alexis Sanchez',35,'Forward',168,70,NULL,2),(25,'Dimitri Payet',37,'Forward',175,77,NULL,2),(26,'Cengiz Under',26,'Forward',173,69,NULL,2),(27,'Mattéo Guendouzi',25,'Midfielder',185,75,NULL,2),(28,'Valentin Rongier',29,'Midfielder',172,70,NULL,2),(29,'Jordan Veretout',31,'Midfielder',177,72,NULL,2),(30,'Leonardo Balerdi',25,'Defender',187,80,NULL,2),(31,'Sead Kolasinac',31,'Defender',183,85,NULL,2),(32,'Chancel Mbemba',29,'Defender',182,78,NULL,2),(33,'Samuel Gigot',30,'Defender',187,82,NULL,2),(34,'Pau Lopez',29,'Goalkeeper',189,78,NULL,2),(35,'Ruben Blanco',29,'Goalkeeper',185,76,NULL,2),(36,'Issa Kaboré',22,'Defender',180,70,NULL,2),(37,'Nuno Tavares',24,'Defender',183,78,NULL,2),(38,'Luis Suarez',27,'Forward',180,76,NULL,2),(39,'Vitinha',24,'Forward',183,77,NULL,2),(40,'Amine Harit',26,'Midfielder',179,71,NULL,2),(41,'Jean Onana',24,'Midfielder',189,80,NULL,2),(42,'Gerson',26,'Midfielder',184,78,NULL,2),(43,'Pape Gueye',25,'Midfielder',189,80,NULL,2),(44,'Azzedine Ounahi',24,'Midfielder',182,74,NULL,2),(45,'Bamba Dieng',24,'Forward',178,72,NULL,2),(46,'Bilal Nadir',20,'Forward',174,70,NULL,2),(47,'Alexandre Lacazette',33,'Forward',175,75,'trop nul',3),(48,'Moussa Dembele',28,'Forward',183,77,NULL,3),(49,'Karl Toko Ekambi',32,'Forward',182,75,NULL,3),(50,'Rayan Cherki',21,'Midfielder',176,72,NULL,3),(51,'Houssem Aouar',26,'Midfielder',175,70,NULL,3),(52,'Maxence Caqueret',24,'Midfielder',174,68,NULL,3),(53,'Corentin Tolisso',30,'Midfielder',181,78,NULL,3),(54,'Thiago Mendes',32,'Midfielder',178,74,NULL,3),(55,'Castello Lukeba',22,'Defender',184,80,NULL,3),(56,'Nicolas Tagliafico',32,'Defender',172,71,NULL,3),(57,'Malo Gusto',21,'Defender',179,72,NULL,3),(58,'Sinaly Diomande',23,'Defender',185,80,NULL,3),(59,'Damien Da Silva',36,'Defender',184,80,NULL,3),(60,'Anthony Lopes',33,'Goalkeeper',184,81,NULL,3),(61,'Julian Pollersbeck',30,'Goalkeeper',195,88,NULL,3),(62,'Henrique Silva',29,'Defender',180,76,NULL,3),(63,'Dejan Lovren',35,'Defender',188,84,NULL,3),(64,'Habib Keita',23,'Midfielder',182,74,NULL,3),(65,'Tete',24,'Forward',174,69,NULL,3),(66,'Bradley Barcola',21,'Forward',182,75,NULL,3),(67,'Jeffinho',25,'Forward',175,73,NULL,3),(68,'Johann Lepenant',21,'Midfielder',176,71,NULL,3),(69,'El Arouch Mohamed',19,'Midfielder',172,70,NULL,3),(70,'Jonathan David',24,'Forward',177,73,NULL,4),(71,'Timothy Weah',24,'Forward',183,76,NULL,4),(72,'Jonathan Bamba',28,'Forward',175,70,NULL,4),(73,'Angel Gomes',23,'Midfielder',168,64,NULL,4),(74,'Benjamin Andre',33,'Midfielder',180,74,NULL,4),(75,'Andre Gomes',30,'Midfielder',188,79,NULL,4),(76,'Yusuf Yazici',27,'Midfielder',183,75,NULL,4),(77,'Remy Cabella',34,'Midfielder',171,67,NULL,4),(78,'Ismaily',34,'Defender',177,73,NULL,4),(79,'Tiago Djalo',24,'Defender',190,80,NULL,4),(80,'Alexsandro Ribeiro',25,'Defender',187,79,NULL,4),(81,'Jose Fonte',40,'Defender',187,82,NULL,4),(82,'Bafode Diakite',23,'Defender',182,75,NULL,4),(83,'Adam Jakubech',27,'Goalkeeper',189,81,NULL,4),(84,'Lucas Chevalier',22,'Goalkeeper',188,80,NULL,4),(85,'Gabriel Gudmundsson',25,'Defender',179,72,NULL,4),(86,'Zedadka Akim',29,'Defender',172,69,NULL,4),(87,'Amadou Onana',22,'Midfielder',192,83,NULL,4),(88,'Domagoj Bradaric',24,'Defender',178,71,NULL,4),(89,'Paulo Fonseca',26,'Midfielder',181,75,NULL,4),(90,'Martin Terrier',27,'Forward',184,78,NULL,4),(91,'Eden Hazard Jr',20,'Forward',174,68,NULL,4),(92,'Edon Zhegrova',25,'Forward',179,72,NULL,4),(93,'Alberth Elis',28,'Forward',183,77,NULL,5),(94,'Josh Maja',25,'Forward',181,73,NULL,5),(95,'Rémi Oudin',27,'Forward',186,78,NULL,5),(96,'Fransérgio',33,'Midfielder',187,80,NULL,5),(97,'Danylo Ignatenko',26,'Midfielder',188,79,NULL,5),(98,'Junior Mwanga',21,'Midfielder',180,74,NULL,5),(99,'Stian Gregersen',28,'Defender',190,82,NULL,5),(100,'Yoann Barbet',31,'Defender',184,80,NULL,5),(101,'Issouf Sissokho',22,'Midfielder',174,68,NULL,5),(102,'Malcom Bokele',23,'Defender',187,81,NULL,5),(103,'Vital Nsimba',30,'Defender',174,72,NULL,5),(104,'Clément Michelin',27,'Defender',179,74,NULL,5),(105,'Gaetan Poussin',25,'Goalkeeper',184,78,NULL,5),(106,'Rafal Straczek',25,'Goalkeeper',188,80,NULL,5),(107,'Logan Delaurier',20,'Defender',181,75,NULL,5),(108,'Lenny Pirringuel',19,'Midfielder',176,68,NULL,5),(109,'Dilane Bakwa',21,'Forward',175,72,NULL,5),(110,'Aliou Badji',26,'Forward',189,81,NULL,5),(111,'Jules Kounde',25,'Defender',181,77,NULL,5),(112,'Paul Baysse',36,'Defender',185,83,NULL,5),(113,'Marcelo Guedes',37,'Defender',191,85,NULL,5),(114,'Jimmy Briand',39,'Forward',183,76,NULL,5),(115,'Sekou Mara',22,'Forward',184,78,NULL,5),(116,'Lois Openda',24,'Forward',175,72,NULL,6),(117,'Florian Sotoca',33,'Forward',187,78,NULL,6),(118,'David Pereira Da Costa',24,'Midfielder',168,66,NULL,6),(119,'Seko Fofana',29,'Midfielder',183,76,NULL,6),(120,'Salis Abdul Samed',24,'Midfielder',179,73,NULL,6),(121,'Jean Onana',24,'Midfielder',188,80,NULL,6),(122,'Kevin Danso',25,'Defender',190,85,NULL,6),(123,'Jonathan Gradit',31,'Defender',180,74,NULL,6),(124,'Facundo Medina',25,'Defender',184,76,NULL,6),(125,'Massadio Haidara',32,'Defender',176,71,NULL,6),(126,'Deiver Machado',30,'Defender',172,70,NULL,6),(127,'Przemyslaw Frankowski',29,'Defender',180,75,NULL,6),(128,'Brice Samba',30,'Goalkeeper',186,83,NULL,6),(129,'Wuilker Farinez',26,'Goalkeeper',182,78,NULL,6),(130,'Franck Haise',52,'Coach',175,72,NULL,6),(131,'Alexis Claude-Maurice',25,'Midfielder',174,70,NULL,6),(132,'Gael Kakuta',32,'Midfielder',173,68,NULL,6),(133,'Adam Buksa',28,'Forward',191,79,NULL,6),(134,'Patrick Berg',26,'Midfielder',181,74,NULL,6),(135,'Ibrahima Baldé',23,'Forward',179,72,NULL,6),(136,'Corentin Jean',28,'Forward',170,70,NULL,6),(137,'Ignatius Ganago',25,'Forward',176,73,NULL,6),(138,'Adrien Thomasson',30,'Midfielder',177,72,NULL,6),(139,'Martin Terrier',27,'Forward',184,78,NULL,7),(140,'Arnaud Kalimuendo',22,'Forward',175,72,NULL,7),(141,'Amine Gouiri',24,'Forward',180,73,NULL,7),(142,'Benjamin Bourigeaud',30,'Midfielder',178,74,NULL,7),(143,'Lovro Majer',26,'Midfielder',176,70,NULL,7),(144,'Baptiste Santamaria',29,'Midfielder',183,76,NULL,7),(145,'Flavien Tait',31,'Midfielder',175,70,NULL,7),(146,'Lesley Ugochukwu',20,'Midfielder',188,80,NULL,7),(147,'Adrien Truffert',22,'Defender',175,71,NULL,7),(148,'Arthur Theate',24,'Defender',185,79,NULL,7),(149,'Warmed Omari',24,'Defender',185,78,NULL,7),(150,'Joe Rodon',27,'Defender',193,82,NULL,7),(151,'Hamari Traore',32,'Defender',175,72,NULL,7),(152,'Steve Mandanda',39,'Goalkeeper',185,82,NULL,7),(153,'Dogon Alemdar',21,'Goalkeeper',189,78,NULL,7),(154,'Birger Meling',29,'Defender',175,70,NULL,7),(155,'Christopher Wooh',23,'Defender',191,85,NULL,7),(156,'Jeremy Doku',21,'Forward',171,70,NULL,7),(157,'Lorenz Assignon',24,'Defender',179,74,NULL,7),(158,'Desire Doue',18,'Midfielder',175,69,NULL,7),(159,'Mathys Tel',19,'Forward',177,71,NULL,7),(160,'Kalidou Sidibe',20,'Midfielder',183,76,NULL,7),(161,'Jeanuel Belocian',19,'Defender',178,72,NULL,7),(162,'Jean-Philippe Krasso',26,'Forward',186,78,NULL,8),(163,'Ibrahima Wadji',29,'Forward',175,73,NULL,8),(164,'Niels Nkounkou',23,'Midfielder',175,71,NULL,8),(165,'Aimen Moueffek',22,'Midfielder',178,72,NULL,8),(166,'Mathieu Cafaro',27,'Midfielder',175,70,NULL,8),(167,'Victor Lobry',29,'Midfielder',182,75,NULL,8),(168,'Dylan Chambost',26,'Midfielder',174,68,NULL,8),(169,'Benjamin Bouchouari',22,'Midfielder',173,66,NULL,8),(170,'Jimmy Giraudon',32,'Defender',185,80,NULL,8),(171,'Saidou Sow',22,'Defender',187,78,NULL,8),(172,'Mickael Nade',25,'Defender',185,81,NULL,8),(173,'Denis Bouanga',29,'Defender',179,74,NULL,8),(174,'Yvann Macon',25,'Defender',174,71,NULL,8),(175,'Gautier Larsonneur',27,'Goalkeeper',182,77,NULL,8),(176,'Etienne Green',23,'Goalkeeper',192,85,NULL,8),(177,'Eliaquim Mangala',33,'Defender',187,83,NULL,8),(178,'Léo Petrot',26,'Defender',184,77,NULL,8),(179,'Zaydou Youssouf',24,'Midfielder',182,76,NULL,8),(180,'Gaëtan Charbonnier',35,'Forward',185,80,NULL,8),(181,'Maxence Rivera',21,'Forward',176,70,NULL,8),(182,'Louis Mouton',21,'Midfielder',175,69,NULL,8),(183,'Boubacar Fall',20,'Goalkeeper',186,80,NULL,8),(184,'Lucas Gourna',21,'Midfielder',182,74,NULL,8),(185,'Wissam Ben Yedder',34,'Forward',170,68,NULL,9),(186,'Kevin Volland',32,'Forward',179,76,NULL,9),(187,'Breel Embolo',27,'Forward',187,85,NULL,9),(188,'Aleksandr Golovin',28,'Midfielder',180,74,NULL,9),(189,'Youssouf Fofana',25,'Midfielder',185,80,NULL,9),(190,'Mohamed Camara',24,'Midfielder',174,73,NULL,9),(191,'Jean Lucas',26,'Midfielder',181,75,NULL,9),(192,'Caio Henrique',26,'Defender',178,72,NULL,9),(193,'Guillermo Maripan',30,'Defender',193,85,NULL,9),(194,'Axel Disasi',26,'Defender',190,83,NULL,9),(195,'Benoit Badiashile',23,'Defender',194,87,NULL,9),(196,'Vanderson',23,'Defender',180,76,NULL,9),(197,'Ruben Aguilar',31,'Defender',170,70,NULL,9),(198,'Alexander Nubel',28,'Goalkeeper',193,86,NULL,9),(199,'Radoslaw Majecki',24,'Goalkeeper',192,82,NULL,9),(200,'Eliot Matazo',22,'Midfielder',176,72,NULL,9),(201,'Ismail Jakobs',24,'Midfielder',180,74,NULL,9),(202,'Takumi Minamino',29,'Forward',174,68,NULL,9),(203,'Myron Boadu',23,'Forward',179,74,NULL,9),(204,'Chrislain Matsima',22,'Defender',190,82,NULL,9),(205,'Maghnes Akliouche',21,'Midfielder',175,70,NULL,9),(206,'Soungoutou Magassa',20,'Midfielder',184,78,NULL,9),(207,'Felix Lemarechal',20,'Midfielder',179,72,NULL,9),(208,'Lois Diony',31,'Forward',182,81,NULL,10),(209,'Adrien Hunou',30,'Forward',179,76,NULL,10),(210,'Sada Thioub',28,'Forward',176,72,NULL,10),(211,'Abdallah Sima',23,'Forward',185,79,NULL,10),(212,'Pierrick Capelle',37,'Midfielder',180,74,NULL,10),(213,'Nabil Bentaleb',29,'Midfielder',187,78,NULL,10),(214,'Azzedine Ounahi',24,'Midfielder',182,73,NULL,10),(215,'Batista Mendy',24,'Midfielder',184,75,NULL,10),(216,'Souleyman Doumbia',28,'Defender',175,71,NULL,10),(217,'Romain Thomas',36,'Defender',193,84,NULL,10),(218,'Cedric Hountondji',30,'Defender',192,85,NULL,10),(219,'Ibrahim Amadou',31,'Defender',183,80,NULL,10),(220,'Yan Valery',25,'Defender',182,76,NULL,10),(221,'Paul Bernardoni',27,'Goalkeeper',190,84,NULL,10),(222,'Yahia Fofana',23,'Goalkeeper',194,86,NULL,10),(223,'Zinedine Ould Khaled',23,'Midfielder',180,74,NULL,10),(224,'Marwan Haddad',21,'Defender',183,78,NULL,10),(225,'Jason Mbock',24,'Midfielder',176,72,NULL,10),(226,'Ilyes Chetti',28,'Defender',178,73,NULL,10),(227,'Djeidi Gassama',20,'Forward',175,70,NULL,10),(228,'Amine Salama',23,'Forward',188,80,NULL,10),(229,'Jean Bahoya',19,'Forward',174,70,NULL,10),(230,'Zinedine Belmiloud',18,'Midfielder',175,71,NULL,10),(231,'Grejohn Kyei',28,'Forward',187,81,NULL,11),(232,'Muhammed Cham',23,'Forward',178,74,NULL,11),(233,'Elbasan Rashani',31,'Forward',181,75,NULL,11),(234,'Komnen Andric',28,'Forward',188,83,NULL,11),(235,'Maxime Gonalons',35,'Midfielder',187,79,NULL,11),(236,'Yohann Magnin',27,'Midfielder',179,73,NULL,11),(237,'Saif-Eddine Khaoui',28,'Midfielder',176,70,NULL,11),(238,'Johan Gastien',35,'Midfielder',180,74,NULL,11),(239,'Alidu Seidu',23,'Defender',173,72,NULL,11),(240,'Mateusz Wieteska',27,'Defender',187,80,NULL,11),(241,'Maximiliano Caufriez',27,'Defender',190,85,NULL,11),(242,'Neto Borges',27,'Defender',183,77,NULL,11),(243,'Jim Allevinah',28,'Forward',177,72,NULL,11),(244,'Mory Diaw',30,'Goalkeeper',196,85,NULL,11),(245,'Mehdi Zeffane',31,'Defender',174,71,NULL,11),(246,'Florent Ogier',35,'Defender',186,80,NULL,11),(247,'Lilian Raoul',22,'Midfielder',175,70,NULL,11),(248,'Brandon Baiye',22,'Midfielder',176,74,NULL,11),(249,'Sofyan Chader',23,'Forward',180,74,NULL,11),(250,'Brice Samba',29,'Goalkeeper',188,82,NULL,11),(251,'Franck Honorat',26,'Forward',179,75,NULL,11),(252,'David Douline',31,'Midfielder',182,76,NULL,11),(253,'Mohamed Konate',24,'Forward',185,78,NULL,11),(254,'Kevin Gameiro',37,'Forward',173,71,NULL,12),(255,'Habib Diallo',28,'Forward',181,78,NULL,12),(256,'Ludovic Ajorque',30,'Forward',197,85,NULL,12),(257,'Jean-Ricner Bellegarde',26,'Midfielder',175,72,NULL,12),(258,'Ibrahima Sissoko',27,'Midfielder',189,79,NULL,12),(259,'Sanjin Prcic',30,'Midfielder',181,75,NULL,12),(260,'Morgan Sanson',30,'Midfielder',180,73,NULL,12),(261,'Dimitri Lienard',36,'Midfielder',175,71,NULL,12),(262,'Alexander Djiku',30,'Defender',182,77,NULL,12),(263,'Gerzino Nyamsi',26,'Defender',195,84,NULL,12),(264,'Lucas Perrin',25,'Defender',184,80,NULL,12),(265,'Maxime Le Marchand',34,'Defender',184,79,NULL,12),(266,'Ismael Doukoure',21,'Defender',183,75,NULL,12),(267,'Matz Sels',32,'Goalkeeper',188,84,NULL,12),(268,'Eiji Kawashima',41,'Goalkeeper',185,80,NULL,12),(269,'Frederic Guilbert',29,'Defender',178,74,NULL,12),(270,'Karol Fila',26,'Defender',181,76,NULL,12),(271,'Marvin Senaya',23,'Defender',176,72,NULL,12),(272,'Nordine Kandil',20,'Midfielder',174,70,NULL,12),(273,'Ilan Kebbal',25,'Midfielder',170,68,NULL,12),(274,'Thomas Delaine',31,'Defender',178,73,NULL,12),(275,'Yuito Suzuki',22,'Midfielder',175,70,NULL,12),(276,'Lebo Mothiba',28,'Forward',182,80,NULL,12),(277,'Teji Savanier',32,'Midfielder',171,68,NULL,13),(278,'Wahbi Khazri',33,'Forward',176,72,NULL,13),(279,'Elye Wahi',21,'Forward',181,74,NULL,13),(280,'Stephy Mavididi',26,'Forward',179,71,NULL,13),(281,'Arnaud Nordin',25,'Forward',172,69,NULL,13),(282,'Leo Leroy',24,'Midfielder',184,77,NULL,13),(283,'Joris Chotard',22,'Midfielder',179,73,NULL,13),(284,'Jordan Ferri',32,'Midfielder',173,72,NULL,13),(285,'Maxime Esteve',22,'Defender',193,85,NULL,13),(286,'Christopher Jullien',31,'Defender',195,89,NULL,13),(287,'Nicolas Cozza',25,'Defender',179,76,NULL,13),(288,'Faitout Maouassa',26,'Defender',174,73,NULL,13),(289,'Falaye Sacko',28,'Defender',180,77,NULL,13),(290,'Benjamin Lecomte',33,'Goalkeeper',186,82,NULL,13),(291,'Dimitry Bertaud',26,'Goalkeeper',180,76,NULL,13),(292,'Enzo Tchato',21,'Defender',175,71,NULL,13),(293,'Théo Sainte-Luce',25,'Defender',180,74,NULL,13),(294,'Khalil Fayad',20,'Midfielder',172,68,NULL,13),(295,'Valère Germain',34,'Forward',180,75,NULL,13),(296,'Mamadou Sakho',34,'Defender',187,85,NULL,13),(297,'Pedro Mendes',33,'Defender',187,82,NULL,13),(298,'Boubakar Kouyaté',27,'Defender',192,83,NULL,13),(299,'Yanis Guermouche',22,'Forward',185,79,NULL,13),(300,'Gaetan Laborde',30,'Forward',181,78,NULL,14),(301,'Terem Moffi',24,'Forward',188,83,NULL,14),(302,'Nicolas Pepe',29,'Forward',183,75,NULL,14),(303,'Hichem Boudaoui',24,'Midfielder',173,70,NULL,14),(304,'Khephren Thuram',23,'Midfielder',191,83,NULL,14),(305,'Aaron Ramsey',33,'Midfielder',182,76,NULL,14),(306,'Pablo Rosario',27,'Midfielder',187,79,NULL,14),(307,'Jean-Clair Todibo',24,'Defender',190,81,NULL,14),(308,'Dante',40,'Defender',188,83,NULL,14),(309,'Melvin Bard',23,'Defender',176,70,NULL,14),(310,'Jordan Lotomba',25,'Defender',177,72,NULL,14),(311,'Mattia Viti',22,'Defender',190,80,NULL,14),(312,'Youssouf Ndayishimiye',25,'Defender',183,78,NULL,14),(313,'Kasper Schmeichel',37,'Goalkeeper',189,82,NULL,14),(314,'Marcin Bulka',24,'Goalkeeper',199,95,NULL,14),(315,'Alexis Claude-Maurice',26,'Midfielder',174,68,NULL,14),(316,'Billal Brahimi',24,'Forward',183,76,NULL,14),(317,'Evann Guessand',22,'Forward',185,79,NULL,14),(318,'Antoine Mendy',19,'Defender',178,72,NULL,14),(319,'Bryan Kefren',20,'Midfielder',180,73,NULL,14),(320,'Flavius Daniliuc',22,'Defender',188,80,NULL,14),(321,'Lucas Da Cunha',23,'Forward',172,68,NULL,14),(322,'Badredine Bouanani',19,'Forward',170,66,NULL,14),(323,'Alexandre Mendy',30,'Forward',184,80,NULL,15),(324,'Benjamin Jeannot',32,'Forward',181,79,NULL,15),(325,'Ali Abdi',30,'Forward',178,73,NULL,15),(326,'Yoann Court',34,'Midfielder',172,69,NULL,15),(327,'Jessy Deminguet',25,'Midfielder',178,74,NULL,15),(328,'Johann Lepenant',21,'Midfielder',178,71,NULL,15),(329,'Gautier Lloris',28,'Defender',186,79,NULL,15),(330,'Hugo Vandermersch',23,'Defender',177,72,NULL,15),(331,'Steeve Yago',31,'Defender',181,77,NULL,15),(332,'Ibrahima Cisse',28,'Defender',187,81,NULL,15),(333,'Romain Thomas',36,'Defender',193,84,NULL,15),(334,'Anthony Weber',37,'Defender',190,82,NULL,15),(335,'Rémy Riou',36,'Goalkeeper',189,81,NULL,15),(336,'Erwin Zelazny',32,'Goalkeeper',186,78,NULL,15),(337,'Dorian Sané',20,'Midfielder',174,69,NULL,15),(338,'Caleb Zady Sery',24,'Forward',175,70,NULL,15),(339,'Nicholas Gioacchini',24,'Forward',182,76,NULL,15),(340,'Jordan Leborgne',28,'Midfielder',176,72,NULL,15),(341,'Prince Oniangue',35,'Midfielder',187,83,NULL,15),(342,'Alexis Beka Beka',22,'Midfielder',178,72,NULL,15),(343,'Yannis Clementia',27,'Goalkeeper',184,80,NULL,15),(344,'Aristote Madiani',28,'Forward',177,72,NULL,15),(345,'Evens Joseph',24,'Forward',181,75,NULL,15),(346,'Ludovic Blas',26,'Midfielder',180,74,NULL,16),(347,'Moses Simon',28,'Forward',168,69,NULL,16),(348,'Mostafa Mohamed',26,'Forward',185,80,NULL,16),(349,'Marcus Coco',28,'Midfielder',178,75,NULL,16),(350,'Pedro Chirivella',27,'Midfielder',178,73,NULL,16),(351,'Samuel Moutoussamy',27,'Midfielder',175,71,NULL,16),(352,'Andrei Girotto',33,'Defender',183,78,NULL,16),(353,'Jean-Charles Castelletto',29,'Defender',186,81,NULL,16),(354,'Sebastien Corchia',34,'Defender',176,70,NULL,16),(355,'Quentin Merlin',22,'Defender',173,69,NULL,16),(356,'Nicolas Pallois',36,'Defender',190,85,NULL,16),(357,'Dennis Appiah',32,'Defender',178,72,NULL,16),(358,'Alban Lafont',25,'Goalkeeper',196,83,NULL,16),(359,'Remy Descamps',28,'Goalkeeper',193,82,NULL,16),(360,'Joao Victor',24,'Defender',186,80,NULL,16),(361,'Ignatius Ganago',25,'Forward',176,73,NULL,16),(362,'Evann Guessand',22,'Forward',185,78,NULL,16),(363,'Fabio da Silva',33,'Defender',172,68,NULL,16),(364,'Charles Traoré',32,'Defender',178,76,NULL,16),(365,'Abdoulaye Sylla',23,'Defender',184,79,NULL,16),(366,'Kader Bamba',29,'Midfielder',180,73,NULL,16),(367,'Charly Jan',20,'Goalkeeper',191,81,NULL,16),(368,'Adson dos Santos',23,'Midfielder',176,70,NULL,16),(369,'Romain Del Castillo',28,'Forward',172,68,NULL,17),(370,'Steve Mounie',30,'Forward',190,85,NULL,17),(371,'Jérémy Le Douaron',26,'Forward',185,78,NULL,17),(372,'Franck Honorat',28,'Midfielder',180,74,NULL,17),(373,'Haris Belkebla',30,'Midfielder',177,71,NULL,17),(374,'Pierre Lees-Melou',30,'Midfielder',186,78,NULL,17),(375,'Mahdi Camara',26,'Midfielder',183,75,NULL,17),(376,'Brendan Chardonnet',29,'Defender',183,80,NULL,17),(377,'Lilian Brassier',24,'Defender',184,76,NULL,17),(378,'Jean-Kévin Duverne',27,'Defender',182,74,NULL,17),(379,'Julien Le Cardinal',26,'Defender',178,73,NULL,17),(380,'Noah Fadiga',24,'Defender',182,77,NULL,17),(381,'Kenny Lala',32,'Defender',178,74,NULL,17),(382,'Marco Bizot',33,'Goalkeeper',193,82,NULL,17),(383,'Joaquim Carvalho',21,'Goalkeeper',189,79,NULL,17),(384,'Axel Camblan',20,'Forward',176,72,NULL,17),(385,'Kamory Doumbia',21,'Midfielder',178,70,NULL,17),(386,'Achraf Dari',25,'Defender',188,81,NULL,17),(387,'Jonas Martin',34,'Midfielder',184,77,NULL,17),(388,'Hugo Magnetti',25,'Midfielder',175,70,NULL,17),(389,'Jules Lebreton',22,'Defender',180,72,NULL,17),(390,'Rafiki Said',21,'Forward',182,75,NULL,17),(391,'Mathias Pereira Lage',27,'Forward',176,71,NULL,17),(392,'Folarin Balogun',23,'Forward',178,74,NULL,18),(393,'Junya Ito',31,'Forward',176,69,NULL,18),(394,'Arber Zeneli',29,'Forward',175,70,NULL,18),(395,'Alexis Flips',24,'Midfielder',179,72,NULL,18),(396,'Azor Matusiwa',26,'Midfielder',175,71,NULL,18),(397,'Marshall Munetsi',28,'Midfielder',188,78,NULL,18),(398,'Dion Lopy',22,'Midfielder',185,75,NULL,18),(399,'Thomas Foket',29,'Defender',177,70,NULL,18),(400,'Yunis Abdelhamid',37,'Defender',190,84,NULL,18),(401,'Emmanuel Agbadou',26,'Defender',192,81,NULL,18),(402,'Maxime Busi',24,'Defender',180,74,NULL,18),(403,'Thibault De Smet',25,'Defender',178,72,NULL,18),(404,'Cheick Keita',23,'Defender',183,76,NULL,18),(405,'Yehvann Diouf',24,'Goalkeeper',190,82,NULL,18),(406,'Alexandre Olliero',28,'Goalkeeper',195,84,NULL,18),(407,'Valentin Atangana',21,'Defender',180,73,NULL,18),(408,'Kamal Sowah',24,'Midfielder',174,69,NULL,18),(409,'Ilan Kebbal',26,'Midfielder',170,66,NULL,18),(410,'Martin Adeline',21,'Midfielder',178,72,NULL,18),(411,'Amadou Koné',22,'Midfielder',182,74,NULL,18),(412,'Ibrahim Diakité',21,'Defender',179,72,NULL,18),(413,'Nathanael Mbuku',22,'Forward',171,70,NULL,18),(414,'Oumar Diakité',23,'Forward',180,74,NULL,18),(415,'Thijs Dallinga',23,'Forward',183,75,NULL,19),(416,'Zakaria Aboukhlal',24,'Forward',179,72,NULL,19),(417,'Rafael Ratao',28,'Forward',178,74,NULL,19),(418,'Denis Genreau',25,'Midfielder',175,71,NULL,19),(419,'Stijn Spierings',28,'Midfielder',187,77,NULL,19),(420,'Branco van den Boomen',28,'Midfielder',188,76,NULL,19),(421,'Brecht Dejaegere',33,'Midfielder',176,70,NULL,19),(422,'Gabriel Suazo',26,'Defender',176,71,NULL,19),(423,'Mikkel Desler',29,'Defender',184,75,NULL,19),(424,'Logan Costa',23,'Defender',188,80,NULL,19),(425,'Rasmus Nicolaisen',27,'Defender',190,82,NULL,19),(426,'Waren Kamanzi',22,'Defender',178,72,NULL,19),(427,'Anthony Rouault',22,'Defender',184,76,NULL,19),(428,'Maxime Dupe',31,'Goalkeeper',188,79,NULL,19),(429,'Kjetil Haug',25,'Goalkeeper',190,81,NULL,19),(430,'Fares Chaibi',21,'Midfielder',180,73,NULL,19),(431,'Nathan Ngoumou',23,'Midfielder',179,71,NULL,19),(432,'Christian Mawissa',20,'Defender',185,77,NULL,19),(433,'Ado Onaiwu',28,'Forward',181,74,NULL,19),(434,'Veljko Birmancevic',25,'Forward',179,73,NULL,19),(435,'Frank Magri',23,'Forward',182,75,NULL,19),(436,'Mamady Bangre',22,'Midfielder',178,70,NULL,19),(437,'Alex Dominguez',24,'Goalkeeper',192,80,NULL,19),(438,'Mickael Le Bihan',34,'Forward',182,76,NULL,20),(439,'Roger Assale',30,'Forward',169,65,NULL,20),(440,'Xande Silva',26,'Forward',175,70,NULL,20),(441,'Jessy Pi',30,'Midfielder',180,75,NULL,20),(442,'Cheick Traore',28,'Midfielder',177,72,NULL,20),(443,'Jordan Marié',32,'Midfielder',175,70,NULL,20),(444,'Didier Ndong',30,'Midfielder',179,74,NULL,20),(445,'Lucas Deaux',35,'Midfielder',183,77,NULL,20),(446,'Jonathan Panzo',23,'Defender',187,78,NULL,20),(447,'Daniel Congre',39,'Defender',185,79,NULL,20),(448,'Christopher Rocchia',26,'Defender',178,70,NULL,20),(449,'Senou Coulibaly',30,'Defender',192,82,NULL,20),(450,'Ahmad Ngouyamsa',23,'Defender',180,75,NULL,20),(451,'Bruno Ecuele Manga',35,'Defender',186,80,NULL,20),(452,'Baptiste Reynet',33,'Goalkeeper',185,77,NULL,20),(453,'Saturnin Allagbe',30,'Goalkeeper',187,80,NULL,20),(454,'Matteo Ahlinvi',24,'Midfielder',179,73,NULL,20),(455,'Valentin Jacob',29,'Midfielder',175,71,NULL,20),(456,'Frederic Sammaritano',38,'Midfielder',165,64,NULL,20),(457,'Wesley Lautoa',36,'Defender',183,78,NULL,20),(458,'Alex Dobre',25,'Forward',177,71,NULL,20),(459,'Aurelien Scheidler',26,'Forward',192,84,NULL,20),(460,'Yassine Benzia',29,'Forward',180,73,NULL,20);
/*!40000 ALTER TABLE `players` ENABLE KEYS */;
UNLOCK TABLES;

--
-- Table structure for table `standings`
--

DROP TABLE IF EXISTS `standings`;
/*!40101 SET @saved_cs_client     = @@character_set_client */;
/*!50503 SET character_set_client = utf8mb4 */;
CREATE TABLE `standings` (
  `teamID` int NOT NULL,
  `points` int NOT NULL,
  `ranks` int DEFAULT NULL,
  `tournamentID` int NOT NULL,
  `matchesPlayed` int DEFAULT '0',
  `goalAverage` int DEFAULT '0',
  PRIMARY KEY (`teamID`),
  CONSTRAINT `standings_ibfk_1` FOREIGN KEY (`teamID`) REFERENCES `teams` (`teamID`)
) ENGINE=InnoDB DEFAULT CHARSET=utf8mb4 COLLATE=utf8mb4_0900_ai_ci;
/*!40101 SET character_set_client = @saved_cs_client */;

--
-- Dumping data for table `standings`
--

LOCK TABLES `standings` WRITE;
/*!40000 ALTER TABLE `standings` DISABLE KEYS */;
INSERT INTO `standings` VALUES (1,0,7,1,0,0),(2,0,8,1,0,0),(3,0,9,1,0,0),(4,0,10,1,0,0),(5,0,11,1,0,0),(6,5,1,1,0,0),(7,3,2,1,0,0),(8,1,5,1,0,0),(9,0,12,1,0,0),(10,1,6,1,0,0),(11,0,13,1,0,0),(12,0,14,1,0,0),(13,0,15,1,0,0),(14,0,16,1,0,0),(15,0,17,1,0,0),(16,0,18,1,0,0),(17,0,19,1,0,0),(18,3,3,1,0,0),(19,0,20,1,0,0),(20,0,21,1,0,0);
/*!40000 ALTER TABLE `standings` ENABLE KEYS */;
UNLOCK TABLES;

--
-- Table structure for table `teams`
--

DROP TABLE IF EXISTS `teams`;
/*!40101 SET @saved_cs_client     = @@character_set_client */;
/*!50503 SET character_set_client = utf8mb4 */;
CREATE TABLE `teams` (
  `teamID` int NOT NULL AUTO_INCREMENT,
  `name` varchar(50) NOT NULL,
  `coachID` int DEFAULT NULL,
  `logoURL` varchar(255) DEFAULT NULL,
  PRIMARY KEY (`teamID`),
  KEY `coachID` (`coachID`),
  CONSTRAINT `teams_ibfk_1` FOREIGN KEY (`coachID`) REFERENCES `users` (`userID`)
) ENGINE=InnoDB AUTO_INCREMENT=27 DEFAULT CHARSET=utf8mb4 COLLATE=utf8mb4_0900_ai_ci;
/*!40101 SET character_set_client = @saved_cs_client */;

--
-- Dumping data for table `teams`
--

LOCK TABLES `teams` WRITE;
/*!40000 ALTER TABLE `teams` DISABLE KEYS */;
INSERT INTO `teams` VALUES (1,'PSG',1,'/uploads/1_LogoParis-removebg-preview.png'),(2,'Marseille',2,'/uploads/2_LogoMarseille-removebg-preview.png'),(3,'Lyon',3,'/uploads/3_LogoLyon.png'),(4,'Lille',4,'/uploads/4_logoLille.png'),(5,'Bordeaux',5,'/uploads/5_logoBordeaux.png'),(6,'Lens',6,'/uploads/6_logoLens.png'),(7,'Rennes',7,'/uploads/7_logoRennes.png'),(8,'SaintEtienne',8,'/uploads/8_logoSaintEtienne.png'),(9,'Monaco',9,'/uploads/9_logoMonaco.png'),(10,'Angers',10,'/uploads/10_logoAngers.png'),(11,'Clermont',11,'/uploads/11_logoClermont.png'),(12,'Strasbourg',12,'/uploads/12_logoStrasbourg.png'),(13,'Montpellier',13,'/uploads/13_logoMontpellier.png'),(14,'Nice',14,'/uploads/14_logoNice.png'),(15,'Caen',15,'/uploads/15_logoCaen.png'),(16,'Nantes',16,'/uploads/16_logoNantes.png'),(17,'Brest',17,'/uploads/17_logoBrest.png'),(18,'Reims',18,'/uploads/18_logoReims.png'),(19,'Toulouse',19,'/uploads/19_logoToulouse.png'),(20,'Dijon',20,'/uploads/20_logoDijon.png');
/*!40000 ALTER TABLE `teams` ENABLE KEYS */;
UNLOCK TABLES;

--
-- Table structure for table `tournaments`
--

DROP TABLE IF EXISTS `tournaments`;
/*!40101 SET @saved_cs_client     = @@character_set_client */;
/*!50503 SET character_set_client = utf8mb4 */;
CREATE TABLE `tournaments` (
  `tournamentID` int NOT NULL AUTO_INCREMENT,
  `name` varchar(100) NOT NULL,
  `startDate` date NOT NULL,
  `endDate` date NOT NULL,
  PRIMARY KEY (`tournamentID`)
) ENGINE=InnoDB AUTO_INCREMENT=2 DEFAULT CHARSET=utf8mb4 COLLATE=utf8mb4_0900_ai_ci;
/*!40101 SET character_set_client = @saved_cs_client */;

--
-- Dumping data for table `tournaments`
--

LOCK TABLES `tournaments` WRITE;
/*!40000 ALTER TABLE `tournaments` DISABLE KEYS */;
INSERT INTO `tournaments` VALUES (1,'Ligue 1','2024-01-01','2024-05-31');
/*!40000 ALTER TABLE `tournaments` ENABLE KEYS */;
UNLOCK TABLES;

--
-- Table structure for table `users`
--

DROP TABLE IF EXISTS `users`;
/*!40101 SET @saved_cs_client     = @@character_set_client */;
/*!50503 SET character_set_client = utf8mb4 */;
CREATE TABLE `users` (
  `userID` int NOT NULL AUTO_INCREMENT,
  `username` varchar(50) NOT NULL,
  `password` varchar(100) NOT NULL,
  `role` enum('Administrator','Coach','Player','Spectator') NOT NULL,
  PRIMARY KEY (`userID`)
) ENGINE=InnoDB AUTO_INCREMENT=73 DEFAULT CHARSET=utf8mb4 COLLATE=utf8mb4_0900_ai_ci;
/*!40101 SET character_set_client = @saved_cs_client */;

--
-- Dumping data for table `users`matches
--

LOCK TABLES `users` WRITE;
/*!40000 ALTER TABLE `users` DISABLE KEYS */;
INSERT INTO `users` VALUES (1,'Christophe Galtier','$2b$10$PiX2GIZ6TjYRj1bzaq23rOK7hWz5YN0Lgj4s699DURMyohkowjj/C','Coach'),(2,'Didier Deschamps','$2b$10$v0rdguz.iJCvzy4pi46jv.2D3fHrLPwQ7k4nOV9EESBOFdKjfYFWa','Coach'),(3,'Laurent Blanc','$2b$10$OpXEvEKWF8Ftdiw01CjSxezP0xhfqFfsUOc8snSEYKorSUKYsoKzi','Coach'),(4,'Rudi Garcia','$2b$10$Cboo84na12e764U3RgY0Q.JYKH3urLhsxlNqXCTwV9r1tlVJUpOiy','Coach'),(5,'Jocelyn Gourvennec','$2b$10$0KBxG9WxAVFW14MC5X6x7.ikEhnH2dK59aV8wA.wb8ywqnPmettpi','Coach'),(6,'Franck Haise','$2b$10$tP6jAgY81NdmaYkvj6BRjuBLNDe.3SM/7H/GOB5GCiFEXQCkkEogC','Coach'),(7,'Bruno Genesio','$2b$10$9F8fZF/xp94uv97Vw7zBXe0RT/wi9J6u8QRwK9cBn.sTJz42/CGMi','Coach'),(8,'Claude Puel','$2b$10$AhfNnsiccLhPrDrcJPcyvupu1MDXrf6bx15agA4vOBlIdPJD60YD.','Coach'),(9,'Niko Kovac','$2b$10$3mxqo39C.hrS7kjUD1Q7BuzkvqG8ciBcov4BVnEoku5heYyxh/o/6','Coach'),(10,'Gerald Baticle','$2b$10$mbGGvg53AiVcY6StuYUVsuoWyzPwMB7Yrh3vPMehp7E/HKpnyzQ7.','Coach'),(11,'Pascal Gastien','$2b$10$ntkUyN.Gk0WYUrVr8oA2fO/Y0sgL6gUY7ki22xwqfWu1Nb2z0iWzi','Coach'),(12,'Philippe Clement','$2b$10$t1FcXXyLkeow9/1xHcXLDuXQNLCzoWyvj04tu1oBG2tLTM8IllJQG','Coach'),(13,'Paulo Fonseca','$2b$10$Isk69ew6TOoAaxs4GH/xzO/9qwrSbo.yAs6VOkO2ASFOLHpDZrXY6','Coach'),(14,'Olivier DallOglio','$2b$10$gECs6mN.xky3t.Ax1KNyDOMb.Wh/jTLZTHITVqKuRhGkspDU4MAGu','Coach'),(15,'Stephane Moulin','$2b$10$GU7HOMoQ91pjd2gVia1hjeNLMiQ7pEuhDKws3wK29UxwlvchE/oZi','Coach'),(16,'Antoine Kombouare','$2b$10$Kt/GwPceMG7EFY3LOh91GOx8HwDDKWCFmRZ7cKoHcfSRt804L8HJO','Coach'),(17,'Michel Der Zakarian','$2b$10$YRdpVThsjmy9g5uNb/lmaescbCJ5VG9gQnuBkCbo2j9jbqAT.ouO2','Coach'),(18,'Patrick Vieira','$2b$10$iScJ76inRbSJSsj5ymlk8.siWaZfDpUe3a86raxsXLjm5zG9xnpmK','Coach'),(19,'Julien Stephan','$2b$10$N1qe.1IrNWRAAKflBDzb2uPs21FEJBB9yuqcqs1pcX853cpBSQGQa','Coach'),(20,'Thierry Laurey','$2b$10$8h0tuvE3kvmX7dWw5B5onO45yLrP33bTbubFMroNf1g0CdDha68zW','Coach'),(21,'admin','$2b$10$GFjebCc0NI1Lf7ExZ9VnqOfh8e/hsJB7qctXkQqeyfPbl134jvMwW','Administrator'),(22,'Gianluigi Donnarumma','$2b$10$WIcFuPben5hOQX5vBUnyjeyIWQr.4yK2lfLncp.yhpnlDjG58z1dW','Player'),(23,'Achraf Hakimi','$2b$10$yTbxsTRZpJpGZR6gNEmueObMg1O.vV1O8ytlKCt2Oh8pp0.w/ikB6','Player'),(24,'Marquinhos','$2b$10$ddUqXdw95BnQTNWKUxVbAuno6cBWsQfNg48P8fnuUNBPSdlRWrrEO','Player'),(25,'Presnel Kimpembe','$2b$10$o/Oi/ahsUTCDp.61kElWWuzxBXp199DUzURGvn5ENIn33oYn1rpV2','Player'),(26,'Nuno Mendes','$2b$10$fm0juK9CMdANDDC1G/Ng7.IfAlM6Au74uiEE7n.46ciDupf9l.dvi','Player'),(27,'Marco Verratti','$2b$10$3WiFtB7HC8jR6ewhzSn9IejbHDiyee1Lvs9Hu6t0R3OpX4LFtzuUy','Player'),(28,'Fabian Ruiz','$2b$10$/wYzTfkkRh/g7BG8hG0Zr.aAN1FCt1EgX4KLCmxfIB4zCt8Snjv9e','Player'),(29,'Vitinha','$2b$10$i50jXPsoaCKx6YaVz/4wceTm8psxgmJut023M9iAesxodKrIcO3.C','Player'),(30,'Kylian Mbappe','$2b$10$mhehL8YcOVBXKZX8U6cCwuspW/O0NLfHrHbKXKltMCpFooPR8Qi.2','Player'),(31,'Lionel Messi','$2b$10$257hCHAHaDaMAiZUV2uFsuSwM8mFFJN6os52X2OakPPZUqCTdQ68K','Player'),(32,'Neymar','$2b$10$1QTDuUI9wlDEWxoXGSIWJu.JvdmsAmNm0HGNH7HkXE8nvw1Msm01K','Player'),(33,'Pau Lopez','$2b$10$tCCueF0IzyuKPPqPLVWY1.EP0udTrZWY.wsHZ0SNOEdGEcZWbC9k2','Player'),(34,'Jonathan Clauss','$2b$10$PtwAPm3WCSxb2GSK6m0GEukRlinIlD./UhvLZ82UNqgBwvblF1cs6','Player'),(35,'Samuel Gigot','$2b$10$IclyqbPVeWmMXZslw/f6tOT5qYPRYGOImJmO2P/wEoNjiBpgEqVxm','Player'),(36,'Sead Kolasinac','$2b$10$.5iQUdX7HPJH2fxjHg/U7e6BmSWoQycC6xD/37gPcEC4F8Gg//TMS','Player'),(37,'Jordan Veretout','$2b$10$2sKht9MwSsRy9GXiWGJ0cOobQYbQti485fw6eBrF5h7vRuxHP7hsi','Player'),(38,'Valentin Rongier','$2b$10$kneuohfbCRPu33STDIqKAOPsz0POknW.uvsaaYcvGCa9saolWKpMG','Player'),(39,'Mattéo Guendouzi','$2b$10$1O0BECLjqOxeR8Scqn/t8u9O7F0eCWbH/1NQH7CYEuTASx6uoFUQi','Player'),(40,'Amine Harit','$2b$10$FsUCVnY.XWcS88OQsG2Xg.LsxG.MpbhOIsjiXIUn5s4E9.ySClzW2','Player'),(41,'Alexis Sanchez','$2b$10$vlyIN94ixSEUMZMcd1m0pugeu0CHox4mDJ5lDcGrlAO7nUFYs4mf.','Player'),(42,'Cengiz Under','$2b$10$.3FzpobfkBRRw7yzcZCn1eylTC3KgxVGX29s4w6pDRDzt3QkyUk4i','Player'),(43,'Dimitri Payet','$2b$10$m5IOSRpnzDny1OwY.WItGOXGXnTUHw0NQ23F6o.xfrP8tU3ondqgS','Player'),(44,'Anthony Lopes','$2b$10$euevnnkq1po9zEOs.lMEeeyMEkMFoQB0Ss0GQ1VdFhfUth6LPVEDy','Player'),(45,'Malo Gusto','$2b$10$VaI.xhILVs8.Gh/Vrl42ReaC1rH6YVKnIJMGjCHec84bEn7OdRhG.','Player'),(46,'Castello Lukeba','$2b$10$iD0kSaaLj/T949BMmjMHjO.hF7N3xKQsUI.y8FUX/2ZQWZd9M7RXW','Player'),(47,'Nicolas Tagliafico','$2b$10$OhUB8.ia0.u3Qwle69krMuqgRY3SwoxWgDh7HvmOzYLaEqBUAppnC','Player'),(48,'Thiago Mendes','$2b$10$mbBkre47cXYTYmha5TRTfea1zrsCnjxp2lj3vdmZbzIwMSjmKwDO6','Player'),(49,'Maxence Caqueret','$2b$10$OpJj4qjcYRy.PUy5wborR.dCBhIlZWgQThYnBI2Tk/4JXwYqEvuq.','Player'),(50,'Corentin Tolisso','$2b$10$1Z6zJ/2OpEccRqehKGl7HOZyq/GQpzovdYCSjIpq3rLsycF3oru/S','Player'),(51,'Houssem Aouar','$2b$10$Sa1PaaBh3bkKf7xIHVUplOhc3nHvJJMbnR.9nBb3JtJrGHNFblZsO','Player'),(52,'Tetê','$2b$10$7CjKHtDOAfKnKPN2/1iUDOAU4isDgOlqHaIufxwgtBzOaZvHEk6yi','Player'),(53,'Alexandre Lacazette','$2b$10$72G37obiSdY4kcUfHB0BDezJ.DZrVIABa/L2CL19CS43OY/Idj0sa','Player'),(54,'Karl Toko Ekambi','$2b$10$EXO6BqMAkP5Vt4YevgLI/.jhIg/4O/A4Hzrn01PDDhhPzpf6M4zzO','Player'),(55,'Lucas Chevalier','$2b$10$.lLPbyhjotVrqPtZzV81EuZ1L.H3gpX4X4dkTAWUxIbhRNu5QaTBO','Player'),(56,'Tiago Djalo','$2b$10$XmzdBVUOHlmsMiXC/DuvOO9BPzDRep3IxPryF.EMx/mN6A4WY951W','Player'),(57,'Jose Fonte','$2b$10$RLKjKp1cd.vCoe5GllA89eiZF.ui7Ac3LPYNUOjPec/ctaKicUgyK','Player'),(58,'Gabriel Gudmundsson','$2b$10$DFLoAPNla5NGaQcYq6Qt7eLNQWlEx7dGDmwhAIEN3IO0N0T8RfLha','Player'),(59,'Benjamin Andre','$2b$10$jC2ef2s3RlwGT51uSoP3rOw5Y3GLt.1RQGZ9QYbzamUrNAQd0ZoOG','Player'),(60,'Angel Gomes','$2b$10$QC8AroWDweUkWDYhySZNZuIruviTw0/rSlkUgEW.ehWPyYzJf1giO','Player'),(61,'Remy Cabella','$2b$10$BHR62nq3sIBnjbkU.vojfuoRwb5v8bBGDXLV.5ds0DXt223bme.5q','Player'),(62,'Adam Ounas','$2b$10$WKOU0bIL2GnPPxtsn321CuTtxpXQu6khFg9EnAB./jixDhWZixW8O','Player'),(63,'Jonathan David','$2b$10$SuNLURXbqYJDtprgJ3S0dey.ygAhEX/g3C4iFQT7yrwVfL0Wc57Xi','Player'),(64,'Mohamed Bayo','$2b$10$n8u5o4Dw.OUCg/XyXPMJrOsC4LMTfPzJA21.OPWKKgYj53dqzq9Yi','Player'),(65,'Jonathan Bamba','$2b$10$Rn7SZuYmf5i.egPg8G.88.bqnzxeo9M5zGN5xpJVTzbQZv0Jzi6V2','Player'),(67,'Zouzou','$2b$10$/XiHCtx7OS4qUBRF/il8y.aroi/Nd5rjdvfGNPQJpPPXTViE/njoC','Spectator'),(68,'Mathis','$2b$10$D9IxREbuDW4V/0nPe314yu1oLdr.jwwzyoZwmP/SrCz63NE/JLaX6','Spectator'),(69,'Mathis','$2b$10$ZyNtZUAX3ScqWELft1ESaOkslNhyK/xUwcIQwNoiFHdoMRHPUf8w.','Spectator'),(70,'20221930','$2b$10$EfQ.VmJCfQnQWakhzkfxte2OYebARbxpmVcDgMaG5MP64RW0wzsly','Spectator'),(71,'kk','$2b$10$OGJuKeJAApbt.npxrFz2ouQjiyF53.t/EySB/y7NKp.Afz/KpvOzy','Spectator'),(72,'JoJo','$2b$10$r4CtxfL66SZxdkfMcPmD0.LcmUAVVcRCImyvnjnpqlHu9WXmjZXCy','Spectator');
/*!40000 ALTER TABLE `users` ENABLE KEYS */;
UNLOCK TABLES;
/*!40103 SET TIME_ZONE=@OLD_TIME_ZONE */;

/*!40101 SET SQL_MODE=@OLD_SQL_MODE */;
/*!40014 SET FOREIGN_KEY_CHECKS=@OLD_FOREIGN_KEY_CHECKS */;
/*!40014 SET UNIQUE_CHECKS=@OLD_UNIQUE_CHECKS */;
/*!40101 SET CHARACTER_SET_CLIENT=@OLD_CHARACTER_SET_CLIENT */;
/*!40101 SET CHARACTER_SET_RESULTS=@OLD_CHARACTER_SET_RESULTS */;
/*!40101 SET COLLATION_CONNECTION=@OLD_COLLATION_CONNECTION */;
/*!40111 SET SQL_NOTES=@OLD_SQL_NOTES */;

-- Dump completed on 2025-04-28 15:49:04

Select * from users;
Select * from players;
Select * from teams;
